post_id,title,category,score,text_len,image_count,url,hit_keywords
262,코인분석기 3종,코인 프로그램 유료버전,65,14686,28,https://mingogogo.tistory.com/262,점수:39|RSI:33|가중치:17|RCI:11|CCI:10|MACD:8|타임프레임:7|알고리즘:3|구성:3|OBV:2|EMA:2|로직:1|방식:1|계산:1|작동:1|SMA:1
263,코인분석기 3종 프로그램 사용가이드,코인 프로그램 유료버전,53,4684,0,https://mingogogo.tistory.com/263,RSI:11|가중치:10|점수:10|MACD:4|RCI:4|CCI:4|타임프레임:3|알고리즘:2|구성:1|사용가이드:1|OBV:1
121,보조지표에 대한 이해 (초보자용),코인 강의(공부하기),50,29853,0,https://mingogogo.tistory.com/121,RSI:71|MACD:29|OBV:16|계산:8|구성:6|점수:5|가중치:4|EMA:4|방식:3|원리:1|타임프레임:1|CCI:1|SMA:1
78,업비트 코인 분석기 완벽 사용 설명서 비트코인 알트코인 분석,코인 프로그램 유료버전,46,5534,5,https://mingogogo.tistory.com/78,점수:6|계산:5|완벽 사용 설명서:3|RSI:3|MACD:3|알고리즘:2|원리:1|가중치:1|작동:1|CCI:1|OBV:1|EMA:1
76,코인 주식 보조지표 강의,코인 강의(공부하기),38,7486,0,https://mingogogo.tistory.com/76,RSI:22|MACD:13|CCI:10|OBV:9|계산:5|구성:3|EMA:3|SMA:3|가중치:2
81,"업비트 단타 트레이더를 위한 강력한 분석 툴, '파밍 분석기",코인 프로그램 유료버전,34,3433,2,https://mingogogo.tistory.com/81,점수:17|가중치:4|동기화:3|계산:2|RSI:2|MACD:2|CCI:2|작동:1|OBV:1
292,투자 강의 바이블,코인 강의(공부하기),26,11832,1,https://mingogogo.tistory.com/292,원리:4|RSI:3|MACD:3|EMA:3|작동:2|구성:2|OBV:2|가중치:1|SMA:1
80,"PAMING 급등코인분석 시스템, 무엇이 특별한가",코인 프로그램 유료버전,26,2419,6,https://mingogogo.tistory.com/80,점수:7|알고리즘:4|RSI:2|방식:1|계산:1|가중치:1|타임프레임:1|MACD:1|CCI:1
243,마진거래 강의 2강,코인 강의(공부하기),25,14340,0,https://mingogogo.tistory.com/243,MACD:20|RSI:16|EMA:14|계산:12|구성:2|작동:1|점수:1|SMA:1
79,암호화폐(비트코인 알트코인) 분석기 (파동 분석 봇 v11.0): 당신의 24시간 AI 코인 분석가,코인 프로그램 인증,24,3526,4,https://mingogogo.tistory.com/79,로직:3|분석 엔진:3|구성:1|타임프레임:1|RSI:1|MACD:1
241,코인분석 프로그램,코인 프로그램 유료버전,24,2284,7,https://mingogogo.tistory.com/241,RCI:4|로직:2|계산:2|점수:2|RSI:2|MACD:2|알고리즘:1|타임프레임:1|CCI:1
109,"""FARMING ANALYZER + WAVE""",코인 프로그램 유료버전,22,2593,4,https://mingogogo.tistory.com/109,점수:7|가중치:3|RSI:2|MACD:2|작동:1|타임프레임:1|CCI:1
83,코인강의,코인 강의(공부하기),20,5675,0,https://mingogogo.tistory.com/83,RSI:16|MACD:16|계산:8|점수:7
261,뇌과학으로 설계된 퀀트 알파 분석기 (코인분석 프로그램),코인 프로그램 유료버전,20,2641,3,https://mingogogo.tistory.com/261,알고리즘:2|계산:2|점수:2|RSI:2|CCI:1|SMA:1
103,코인분석 시스템,코인 프로그램 유료버전,19,2856,7,https://mingogogo.tistory.com/103,SMA:4|RSI:3|점수:2|타임프레임:2|RCI:2|알고리즘:1
258,2년치 차트 역사를 실시간으로 해부하는 초정밀 분석 엔진,코인 프로그램 유료버전,19,2805,3,https://mingogogo.tistory.com/258,알고리즘:2|계산:2|분석 엔진:2|OBV:1
85,코인분석기 시각화  업비트 빗썸 바이낸스 제작가능,카테고리 없음,18,2388,5,https://mingogogo.tistory.com/85,SMA:12|RSI:4|RCI:4|방식:1
288,코인추천 시스템+분석 프로그램2종,코인 프로그램 유료버전,18,2246,15,https://mingogogo.tistory.com/288,계산:3|가중치:2|점수:2|로직:1|작동:1|교차 검증:1|RSI:1
118,"폭발 직전 코인만 찾아내는 비장의 무기, '파밍 분석기' 완벽 가이드",코인 프로그램 유료버전,18,1615,3,https://mingogogo.tistory.com/118,점수:3|RCI:2|가중치:1|RSI:1|MACD:1|CCI:1
308,4월13일 추천. 코인리스트,인증 저장공간,18,1522,10,https://mingogogo.tistory.com/308,점수:5|알고리즘:4|분석 엔진:1|교차 검증:1|타임프레임:1|동기화:1
181,11월23일 브리핑,코인 프로그램 인증,17,2326,8,https://mingogogo.tistory.com/181,알고리즘:4|로직:1|계산:1|작동:1|점수:1
64,실시간 코인분석기,코인 프로그램 유료버전,16,2751,3,https://mingogogo.tistory.com/64,CCI:2|분석 엔진:1|점수:1|타임프레임:1|RSI:1|SMA:1
126,코인패턴 강의 (파밍제작),코인 강의(공부하기),15,11685,0,https://mingogogo.tistory.com/126,RSI:35|MACD:10|계산:3|OBV:2
159,과거 차트 비교 시스템,코인 프로그램 유료버전,15,2648,5,https://mingogogo.tistory.com/159,로직:3|알고리즘:2|계산:1
75,업비트 코인 단타 프로그램 나눔 (비트코인 알트코인분석),코인 프로그램 무료 버전,15,1671,2,https://mingogogo.tistory.com/75,점수:2|타임프레임:2|알고리즘:1|계산:1|RSI:1|MACD:1|CCI:1|OBV:1
293,텔레그램 급락 경고 시스템 분석 결과,코인 프로그램 인증,15,1530,3,https://mingogogo.tistory.com/293,점수:6|알고리즘:2|작동:2
107,통합시장 추세분석기 제작:파밍,코인 프로그램 무료 버전,14,3782,3,https://mingogogo.tistory.com/107,SMA:4|방식:1|CCI:1
84,RCI 보조지표 강의,코인 강의(공부하기),14,2540,0,https://mingogogo.tistory.com/84,RCI:50|계산:5|RSI:2|MACD:2
