post_id,title,category,url,text_len,explain_score,explicit_hits,score_hits,indicator_hits,snippet_count
262,코인분석기 3종,코인 프로그램 유료버전,https://mingogogo.tistory.com/262,14686,101,29,39,67,135
263,코인분석기 3종 프로그램 사용가이드,코인 프로그램 유료버전,https://mingogogo.tistory.com/263,4684,59,15,10,24,49
121,보조지표에 대한 이해 (초보자용),코인 강의(공부하기),https://mingogogo.tistory.com/121,29853,53,14,5,122,142
78,업비트 코인 분석기 완벽 사용 설명서 비트코인 알트코인 분석,코인 프로그램 유료버전,https://mingogogo.tistory.com/78,5534,49,13,6,9,28
243,마진거래 강의 2강,코인 강의(공부하기),https://mingogogo.tistory.com/243,14340,46,13,1,51,67
81,"업비트 단타 트레이더를 위한 강력한 분석 툴, '파밍 분석기",코인 프로그램 유료버전,https://mingogogo.tistory.com/81,3433,44,11,17,7,35
83,코인강의,코인 강의(공부하기),https://mingogogo.tistory.com/83,5675,40,9,7,32,48
80,"PAMING 급등코인분석 시스템, 무엇이 특별한가",코인 프로그램 유료버전,https://mingogogo.tistory.com/80,2419,30,7,7,4,19
76,코인 주식 보조지표 강의,코인 강의(공부하기),https://mingogogo.tistory.com/76,7486,27,7,0,60,67
241,코인분석 프로그램,코인 프로그램 유료버전,https://mingogogo.tistory.com/241,2284,24,6,2,9,19
109,"""FARMING ANALYZER + WAVE""",코인 프로그램 유료버전,https://mingogogo.tistory.com/109,2593,24,5,7,5,17
288,코인추천 시스템+분석 프로그램2종,코인 프로그램 유료버전,https://mingogogo.tistory.com/288,2246,23,7,2,1,10
79,암호화폐(비트코인 알트코인) 분석기 (파동 분석 봇 v11.0): 당신의 24시간 AI 코인 분석가,코인 프로그램 인증,https://mingogogo.tistory.com/79,3526,22,7,0,2,9
292,투자 강의 바이블,코인 강의(공부하기),https://mingogogo.tistory.com/292,11832,21,5,0,12,20
258,2년치 차트 역사를 실시간으로 해부하는 초정밀 분석 엔진,코인 프로그램 유료버전,https://mingogogo.tistory.com/258,2805,18,6,0,1,7
261,뇌과학으로 설계된 퀀트 알파 분석기 (코인분석 프로그램),코인 프로그램 유료버전,https://mingogogo.tistory.com/261,2641,16,4,2,4,10
103,코인분석 시스템,코인 프로그램 유료버전,https://mingogogo.tistory.com/103,2856,15,3,2,9,14
85,코인분석기 시각화  업비트 빗썸 바이낸스 제작가능,카테고리 없음,https://mingogogo.tistory.com/85,2388,6,0,0,20,20
