post_id,title,category,url,text_len,strong_hit_count,is_direct_algo_explainer,direct_reason,top_hits,snippet_1,snippet_2
81,"업비트 단타 트레이더를 위한 강력한 분석 툴, '파밍 분석기",코인 프로그램 유료버전,https://mingogogo.tistory.com/81,3433,21,Y,guide/manual,설명서:1|동기화:3|점수:17,"이 제작하여 배포용으로 제공하고 있습니다. 제작자는 티스토리, 유튜브, 인스타그램, 틱톡 등 다양한 소셜 채널을 운영 중이며, 특히 툴의 사용 설명서는 티스토리 블로그를 통해 확인할 수 있습니다. 제작자는 프로그램 하단에 ""도움이 되셨다면 틱톡 오셔서 댓글 하나 부탁드립니다""라는 메시지를 남겨, 사용자들의 피드백을 독려하고 있습니다. 간단 활용법 요약: 1분봉~60분봉 중","단타 매매의 영역은 매 순간이 전쟁터와 같습니다. 수많은 알트코인들이 결국 대장주인 비트코인(BTC)의 흐름에 따라 일제히 움직이는 '커플링(동기화)' 현상 때문에 독자적인 수익 구간을 찾기란 여간 어려운 일이 아닙니다. 만약 비트코인의 흐름과 무관하게, 자신만의 힘으로 움직이는 '디커플링(비동기화)' 코인을 실시간으로 찾아내고, 더 나아가 매수/매도하기 좋은 지지선과 저"
263,코인분석기 3종 프로그램 사용가이드,코인 프로그램 유료버전,https://mingogogo.tistory.com/263,4684,14,Y,guide/manual,사용가이드:1|타임프레임:3|점수:10,"링하면서 실시간 매매 신호를 제공하는 프로그램입니다. 10개의 기술적 지표를 종합 분석하여 각 코인별로 매수/매도/관망 신호를 생성합니다. 멀티타임프레임 교차분석 기능을 통해 1분, 3분, 5분, 15분봉의 신호를 동시에 확인할 수 있습니다. 화면 구성 신호등 바 30개 코인의 실시간 신호를 색상으로 표시합니다. 녹색=매수, 빨간색=매도, 노란색=관망 수익률 추적바 TRAC","로 추적 중인 코인의 실시간 수익률을 표시합니다 BTC 현황바 비트코인의 현재가와 24시간 변동률을 표시합니다 코인 그리드 30개 코인 카드가 점수순으로 배열되어 있습니다 10개 보조지표 설명 RSI 14봉 상대강도지수. 30 이하 과매도, 70 이상 과매수 가중치 15% Stochastic 스토캐스틱 %K. 20 이하 과매도, 80 이상 과매수 가중치 12% CCI 상품채"
78,업비트 코인 분석기 완벽 사용 설명서 비트코인 알트코인 분석,코인 프로그램 유료버전,https://mingogogo.tistory.com/78,5534,13,Y,guide/manual,설명서:4|점수:6|완벽 사용 설명서:3,"🤖 암호화폐 분석프로그램 V5.0 완벽 사용 설명서 (A to Z) 이 똑똑한 분석 프로그램이 어떤 원리로 생각하고 어떤 기능을 가지고 있으며, 우리는 이 모든 기능을 어떻게 120% 활용할 수 있는지 에 대한 모든 것을 알려드리는 '완벽 사용 설명서'를 준비했습니다. 이 글을",보여줍니다. 봇의 추천이 얼마나 유효했는지 복기할 수 있는 중요한 지표입니다. 🌊 파동 강도 : Part 1에서 설명한 상승/하락의 힘. 두 점수의 차이가 클수록 방향성이 뚜렷합니다. 🎯 종합점수 : (상승파동 점수 x 0.4) + (바닥 반등 점수 x 0.3) + ((100 - 하락파동 점수) x 0.3) 라는 가중치로 계산된 최종 점수. 높을수록 긍정적입니다. 🔗 BT
288,코인추천 시스템+분석 프로그램2종,코인 프로그램 유료버전,https://mingogogo.tistory.com/288,2246,3,Y,cross-val or timeframe-sync,교차 검증:1|점수:2,"이밍을 예측 할수있습니다. AI 협력 종합 분석 카드 중앙 통제 AI를 포함한 7개의 전문 AI(패턴 인식, 리스크 관리, 시그널 조합 등)가 교차 검증한 최종 분석 결과를 제공합니다. AI 점수 프로그레스 바를 통해 현재 시장의 매수 및 매도 강도를 시각적으로 확인할 수 있습니다. 글래스모피즘 기술 지표 카드 최고급 글래스모피즘 디자인과 네온 효과를 적용하여 가독성을 극대","카드 중앙 통제 AI를 포함한 7개의 전문 AI(패턴 인식, 리스크 관리, 시그널 조합 등)가 교차 검증한 최종 분석 결과를 제공합니다. AI 점수 프로그레스 바를 통해 현재 시장의 매수 및 매도 강도를 시각적으로 확인할 수 있습니다. 글래스모피즘 기술 지표 카드 최고급 글래스모피즘 디자인과 네온 효과를 적용하여 가독성을 극대화한 카드입니다. 볼린저 밴드 위치, RSI, 거"
262,코인분석기 3종,코인 프로그램 유료버전,https://mingogogo.tistory.com/262,14686,46,N,,타임프레임:7|점수:39,"니터링 실시간 매매 신호를 제공 하는 프로그램입니다. 10개의 기술적 지표를 종합 분석하여 각 코인별로 매수/매도/관망 신호를 생성합니다. 멀티타임프레임 교차분석 기능을 통해 1분, 3분, 5분, 15분봉의 신호를 동시에 확인할 수 있어 신뢰도 높은 매매 판단이 가능합니다. 화면 구성 설명 신호등 바 (30개 코인) 저작권 경고 아래에 30개의 작은 사각형이 나열되어 있습니","색은 관망 신호(HOLD)를 의미합니다. 각 사각형에 마우스를 올리면 해당 코인의 심볼이 표시됩니다. 1분마다 자동으로 갱신되며, 우측의 평균 점수와 롱/홀드/숏 개수 통계를 확인할 수 있습니다. 수익률 추적바 신호등 바 아래에 위치한 가로 스크롤 영역입니다. TRACK 기능을 사용하면 여기에 추적 중인 코인 카드가 표시됩니다. 각 카드에는 코인명, 진입가, 현재 수익률,"
109,"""FARMING ANALYZER + WAVE""",코인 프로그램 유료버전,https://mingogogo.tistory.com/109,2593,8,N,,타임프레임:1|점수:7,"내 순위를 매깁니다. 이 기능 하나만으로도 시장을 넓게 보며 기회를 포착하는 강력한 무기를 얻게 되는 셈입니다. 1분봉부터 30분봉까지 원하는 타임프레임 기준으로 분석할 수 있어, 자신의 투자 스타일에 맞는 추천을 받을 수 있다는 점도 큰 장점입니다. 핵심 기능 2: 종합 분석과 파동 예측 - 과학적 트레이딩의 시작 코인을 선택하면, 이 프로그램의 진정한 힘이 드러납니다.","일일이 돌려보며 감에 의존할 필요가 없습니다. 분석 메커니즘 : 업비트 원화마켓의 거래대금 상위 40개 코인을 자동으로 스캔합니다. 독자적인 점수 시스템 : RSI, MACD, 볼린저밴드, 스토캐스틱 등 핵심 보조지표를 종합하여 '매수 점수'를 산출합니다. 단순히 점수가 높은 코인을 나열하는 것이 아니라, 매수 점수가 50점 이상인 '매수 우위' 상태의 코인만을 필터링 합"
80,"PAMING 급등코인분석 시스템, 무엇이 특별한가",코인 프로그램 유료버전,https://mingogogo.tistory.com/80,2419,8,N,,타임프레임:1|점수:7,"간봉까지 다양한 시간 프레임을 지원 단타·스윙·중장기 매매 전략 을 모두 커버할 수 있다. 단일 봉 기준으로만 보는 단순 지표와는 달리, 멀티 타임프레임에서 방향성이 일치할 때 가중치를 높여 신뢰도를 강화 하는 구조다. 또 하나 주목할 점은 100단계 점수 체계 다. 대부분의 지표 프로그램은 단순히 “과매수/과매도” 혹은 “매수/매도” 신호만 보여주지만, 이 시스템은 0점에","코인분석 시스템 이 주목받는다. 단순히 가격을 보여주는 툴이 아니라, 실 시간 데이터·보조지표·자동화 알고리즘 을 결합해 ""종합적으로 분석하고 점수화하는 시스템"" 이기 때문이다. 파밍코인분석기 핵심!! 실시간 분석을 통해 매수 매도타이밍을 알수있다. 이프로그램의 장점은 실시간 연동 이다. 사용자는 차트창을 새로고침하지 않아도 즉시 시장 변화를 확인할 수 있다. 여기에 3분봉"
83,코인강의,코인 강의(공부하기),https://mingogogo.tistory.com/83,5675,7,N,,점수:7,"조합해서 사용하기 📊 RSI (과매수/과매도) 📈 MACD (신호등) 🎈 볼린저 밴드 (풍선) 🎢 스토캐스틱 (롤러코스터) 📏 이동평균선 (평균점수) 📊 거래량 (인기도) 📊 RSI - 많이 샀나? 많이 팔았나? 🛒 RSI는 사고파는 정도를 알려줘요! 마트에서 인기 상품 이 있다고 생각해보세요! 너무 많이 사면 떨어지고, 너무 많이 팔면 모자라죠! 🔥 RSI 70 이상 (과",
121,보조지표에 대한 이해 (초보자용),코인 강의(공부하기),https://mingogogo.tistory.com/121,29853,6,N,,타임프레임:1|점수:5,"트 실전 적용법 이론을 실제 업비트 거래에 적용하는 구체적인 방법을 알아봅니다. 8.1 업비트 인터페이스 활용 📱 필수 설정 1. 차트 설정: 타임프레임: 1일봉 (주 분석용) + 4시간봉 (진입 타이밍) 지표 추가: 볼린저밴드 (20, 2) RSI (14) MACD (12, 26, 9) 이동평균선 (5, 20, 60, 120일) 거래량 막대 표시 2. 알림 설정: 가격 알",술적 지표 지표 교차검증 • 볼밴 하단? • RSI < 30? 4️⃣ 거래량 분석 거래량 확인 • 거래량 급감? • OBV 다이버전스? 5️⃣ 점수 계산 교차검증 점수 12점 이상? ? NO ❌ 매수 보류 YES 6️⃣ 분할 매수 실행 1차: 바닥 확인 (30-40%) 2차: 반등 확인 (30-40%) 3차: 돌파 확인 (20-30%) 손절선: -7~10% 7️⃣ 포지션 관
79,암호화폐(비트코인 알트코인) 분석기 (파동 분석 봇 v11.0): 당신의 24시간 AI 코인 분석가,코인 프로그램 인증,https://mingogogo.tistory.com/79,3526,4,N,,분석 엔진:3|타임프레임:1,"을 최대한 배제하고, 오직 데이터가 말하는 패턴과 확률에 집중하는 것입니다. 단순히 가격 등락률만 알려주는 것을 넘어, 정교하게 설계된 다층적 분석 엔진을 통해 시장의 미세한 흐름과 힘의 균형까지 포착해냅니다. 뉴스를 통해 시장의 근본적인 배경( Why )을 파악하고, 파동 분석 엔진으로 기술적 타이밍( What & When )을 분석하며, 차트 생성기로 이 모든 복잡한 정","장은 잠들지 않습니다. 이 봇 역시 24시간, 365일 깨어있습니다. 설정된 스케줄에 따라 3분봉 단타 분석부터 4시간봉 스윙 분석까지 다양한 타임프레임의 리포트를 자동으로 전송하며, 투자자가 잠든 사이에도 중요한 시장의 변화를 놓치지 않고 기록하고 분석합니다. 📰 지능형 뉴스 수집기: 코인 데스크, 코인 텔레그래프 등 전 세계 주요 암호화폐 언론사의 헤드라인을 실시간으로"
103,코인분석 시스템,코인 프로그램 유료버전,https://mingogogo.tistory.com/103,2856,4,N,,타임프레임:2|점수:2,"이는 감정적 판단을 배제하고 오직 데이터에 근거한 객관적인 결정을 내리도록 돕는 강력한 나침반이 되어줍니다. 2. 시장의 흐름을 꿰뚫는 멀티 타임프레임과 ZLSMA 성공적인 트레이더는 나무와 숲을 동시에 봅니다. 이 시스템은 1분봉의 초단기 흐름부터 일봉의 거시적인 추세까지 총 7개의 타임프레임 을 손쉽게 전환하며 입체적인 시장 분석을 가능하게 합니다. 특히, 시스템의 핵","등)를 시스템이 자체 알고리즘으로 복합 분석하여, 현재 시장의 매수세와 매도세 중 어느 쪽이 우위에 있는지를 0점에서 100점 사이의 명확한 점수 로 보여준다는 것입니다. '강력 매수'부터 '강력 매도'까지 총 10단계의 직관적인 레벨 바로 시각화되어 있어, 복잡한 차트 해석에 자신이 없는 사용자라도 한눈에 시장의 온도와 힘의 균형을 파악할 수 있습니다. 이는 감정적 판단"
241,코인분석 프로그램,코인 프로그램 유료버전,https://mingogogo.tistory.com/241,2284,3,N,,타임프레임:1|점수:2,". 이제 복잡한 수치를 해석하느라 시간을 낭비하지 마세요. 80점 이상이면 '강세', 20점 미만이면 '약세'. 1분봉부터 30분봉까지 5개의 타임프레임을 동시에 분석해 1초 만에 판단할 수 있습니다. 이는 찰나의 순간이 수익을 좌우하는 스캘핑 매매에서 압도적인 속도 우위를 제공합니다. 2. '내 코인'이 아닌 '시장'을 보다 이 프로그램의 가장 큰 자랑이자, 제작자 PAM","이 프로그램이 기존의 매매 환경을 뒤바꿀 수 있는지. 그 기술적 강점과 로직을 개발자의 시선에서 풀어보겠습니다. 1. 파편화된 정보를 하나의 '점수'로 차트 분석이 어려운 이유는 봐야 할 지표가 너무 많기 때문입니다. RSI, MACD, 볼린저밴드... 각각의 지표는 서로 다른 이야기를 합니다. 누구는 과매수라 하고, 누구는 아직 상승 여력이 있다고 하죠. 우리는 이 혼란을"
258,2년치 차트 역사를 실시간으로 해부하는 초정밀 분석 엔진,코인 프로그램 유료버전,https://mingogogo.tistory.com/258,2805,2,N,,분석 엔진:2,"니다. 드디어 'MINJINE TIME WAVE'가 v4.0 으로 진화했습니다. 이번 업데이트는 단순한 기능 추가가 아닙니다. 차트를 해석하는 분석 엔진의 코어 자체를 완전히 새롭게 설계했습니다. 인간의 눈으로는 놓치기 쉬운 미세한 파동부터 거대한 추세까지, 차트의 모든 움직임을 '초정밀(Ultra Precision)'로 스캔 하는 v4.0의 핵심 기능을 소개합니다. 1.",
261,뇌과학으로 설계된 퀀트 알파 분석기 (코인분석 프로그램),코인 프로그램 유료버전,https://mingogogo.tistory.com/261,2641,2,N,,점수:2,"**볼린저 밴드 & ADX:** 변동성 및 추세 강도 측정 인간의 뇌로는 동시에 처리 불가능한 모든 데이터를 \*\*0\~100점의 '바닥권 점수'\*\*로 즉시 환산합니다. 복잡한 계산은 컴퓨터에게 맡기세요. 당신은 ""점수가 높으면 바닥이다""라는 직관적인 결론만 가져가시면 됩니다. 2\. '후견지명 편향'을 깨부수는 타임 트래블 : 메타인지 능력 강화 *""아, 그때 샀어",
243,마진거래 강의 2강,코인 강의(공부하기),https://mingogogo.tistory.com/243,14340,1,N,,점수:1,에서 상당히 반등한 상태여야 합니다. 현재가 ≤ 52주 고점 대비 25% 이내 너무 과열되지 않은 상태에서 진입해야 합니다. 상대 강도(RS) 점수 70 이상 시장 평균보다 훨씬 강한 성과를 보이는 종목이어야 합니다. VCP 패턴 (Volatility Contraction Pattern) V 변동성 수축 패턴 VCP는 Minervini 전략의 핵심 진입 패턴입니다. 가격이,
292,투자 강의 바이블,코인 강의(공부하기),https://mingogogo.tistory.com/292,11832,0,N,,,,
76,코인 주식 보조지표 강의,코인 강의(공부하기),https://mingogogo.tistory.com/76,7486,0,N,,,,
85,코인분석기 시각화  업비트 빗썸 바이낸스 제작가능,카테고리 없음,https://mingogogo.tistory.com/85,2388,0,N,,,,
