id,date,category,title,url,text_len,image_count,data_mode,data_rich_score,tickers,coin_mentions,trading_terms,indicators,pct_count,pct_sample,snippet
164,2025-11-15T03:14:48+09:00,코인 강의(공부하기),암호화폐 상승 하락 시그널 완벽 가이드 금리 상승 하락에 따른 변동,https://mingogogo.tistory.com/164,10561,0,text_rich,14,ARK|ARKB|BTC|CPI|DXY|ETF|FBTC|FOMC|FOMO|FTX|GBTC|IBIT|NFP|SEC|TOP|USDT,,,,109,80%|70%|5%|3%|5%|2%|-50%|33%|2%|5%|5%|-20%|3.5%|3.2%|-5%|-10%|3.3%|3.1%|+1.9%|+4.3%,"암호화폐 상승/하락 시그널 완벽 가이드 - 초보자도 수익내는 비법 🚀 암호화폐 상승/하락 시그널 완벽 가이드 초보자도 이해하는 실전 투자 전략 - 거시경제부터 뉴스까지 💡 이 가이드를 읽어야 하는 이유 차트만 보고 투자하면 손실 확률 80%입니다. 하지만 거시경제 지표와 뉴스를 함께 보면 수익 확률이 70% 이상으로 올라갑니다. 이 가이드는 5년간 암호화폐 시장을 분석한 노하우를 담았으며, 실제로 돈이 되는 시그널만 엄선했습니다. 핵심: 차트는 결과고, 뉴스와 "
308,2026-04-13T10:09:31+09:00,인증 저장공간,4월13일 추천. 코인리스트,https://mingogogo.tistory.com/308,1522,10,text_rich,11,AHT|ANKR|CFG|DKA|ID|IMX|KITE|LIVE|LPT|ONG|ULTRA,,,,6,-2.7%|-3.1%|+7.8%|+4.4%|+3.8%|+195.9%,"## **[오늘의 코인 리포트] 하락장 속에서도 터진 급등, ‘민지네 컨트롤타워’ 적중 내역 분석** **날짜: 2026년 4월 13일 (월)** **시장 상황: 비트/알트 조정 구간 (눌림목 관찰 필수)** 오늘 비트코인(-2.7%)과 알트코인(-3.1%) 전반이밀리는 **조정 구간**임에도 불구하고, 저희 **컨트롤타워 v3.0** 엔진이 포착한 종목들은 업비트 상승률 상위권을 휩쓸며 압도적인 퍼포먼스를 보여주고 있습니다. 실시간 적중 내역 공유합니다. ##"
288,2026-02-01T09:47:50+09:00,코인 프로그램 유료버전,코인추천 시스템+분석 프로그램2종,https://mingogogo.tistory.com/288,2246,15,text_rich,9,AI|API|ATR|MEGA|PREMIUM|RSI|ULTRA|UPGRADE,,,RSI,0,,"코인 추천 시스템 6년의 투자 경험과 1년의 개발 기간(평균 하루 6~10시간제작)을 거쳐 완성된 7개의 전문 AI 협업 시스템 [주요 카드 종류 및 기능 설명] 하단에 평균 추세를 이용해서 매수 매도 타이밍을 예측 할수있습니다. AI 협력 종합 분석 카드 중앙 통제 AI를 포함한 7개의 전문 AI(패턴 인식, 리스크 관리, 시그널 조합 등)가 교차 검증한 최종 분석 결과를 제공합니다. AI 점수 프로그레스 바를 통해 현재 시장의 매수 및 매도 강도를 시각적으로"
216,2025-11-27T23:53:30+09:00,수익율 인증공간 날자별 최대 3일후까지,11월 13일 오전 7시 58분 추천리스트 수익율 체크,https://mingogogo.tistory.com/216,1138,1,text_rich,9,BD|EB|EC|ED|ID,,,,9,+13.25%|+27.09%|100.0%|+27.09%|+18.77%|+18.23%|94%|8%|0%,"파밍 수익률 분석 리포트 [분석 개요] 분석 기간: 2025-11-13T07:58 기준 3일간 분석 코인: 11개 평균 수익률: +13.25% 최고 수익률: +27.09% 상승 정확도: 100.0% [상위 코인 분석] 1위. 두들즈 (Doodles) - +27.09% 시작가 7.027원 → 최고가 8.93원 2위. 무브먼트 (Movement) - +18.77% 시작가 79.901원 → 최고가 94.9원 3위. 제로지 (0G) - +18.23% 시작가 1,878."
217,2025-11-28T00:00:01+09:00,코인 프로그램 인증,11월 11일 추천 코인 리스트 수익율 체크 (과거초기 분석 프로그램),https://mingogogo.tistory.com/217,1136,1,text_rich,9,BD|EB|EC|ED|ID,,,,9,+28.28%|+112.75%|100.0%|+112.75%|+38.22%|+32.33%|94%|8%|0%,파밍 수익률 분석 리포트 [분석 개요] 분석 기간: 2025-11-11T06:47 기준 3일간 분석 코인: 12개 평균 수익률: +28.28% 최고 수익률: +112.75% 상승 정확도: 100.0% [상위 코인 분석] 1위. 리스크 (Lisk) - +112.75% 시작가 287.193원 → 최고가 611원 2위. 커널다오 (KernelDAO) - +38.22% 시작가 153.374원 → 최고가 212원 3위. 앵커 (Ankr) - +32.33% 시작가 14.2
293,2026-02-09T20:45:44+09:00,코인 프로그램 인증,텔레그램 급락 경고 시스템 분석 결과,https://mingogogo.tistory.com/293,1530,3,text_rich,8,ALT|BTC|CRITICAL|HIGH|MODERATE|NONE|SAND,sand,,,0,,"코인 급락의 공포? 데이터로 미리 피하면 '기회'가 됩니다 (feat. SAND 정밀 분석) 안녕하세요, MINJINE 의 대표 **파밍(Paming, 서교민)**입니다. 최근 변동성이 심한 암호화폐 시장에서 많은 투자자가 예기치 못한 급락으로 고통받고 있습니다. 저는 이러한 리스크를 데이터로 정밀하게 관리하기 위해 **'급락 경고 시스템'**을 개발하여 운영 중입니다. 오늘은 2026년 2월 9일, 실제 시장에서 우리 시스템이 어떻게 작동했는지 샌드박스(SAN"
215,2025-11-27T23:41:35+09:00,수익율 인증공간 날자별 최대 3일후까지,11월 19일 추천 코인 수익율 인증,https://mingogogo.tistory.com/215,1087,1,text_rich,6,BD|EB|EC|ED|ID,,,,3,94%|8%|0%,"상호:MINJINE 대표:서교민,박선영 사업자 번호 :507-05-99353 통신판매업 신고번호 제 2025-창원성산-0165 호 카카오 코인 오픈톡 https://open.kakao.com/o/gu21QyJh 바이낸스 추천인 ID= GRO_28502_M2YOL 바이낸스 추천링크 https://www.binance.com/referral/earn-together/refer2earn-usdc/claim?hl=en&ref=GRO_28502_M2YOL&utm_sour"
213,2025-11-27T23:18:13+09:00,인증 저장공간,추천 또는 인증 글,https://mingogogo.tistory.com/213,996,4,text_rich,6,BD|EB|EC|ED|ID,,,,3,94%|8%|0%,카카오 코인 오픈톡 https://open.kakao.com/o/gu21QyJh 바이낸스 추천인 ID= GRO_28502_M2YOL 바이낸스 추천링크 https://www.binance.com/referral/earn-together/refer2earn-usdc/claim? hl=en&ref=GRO_28502_M2YOL&utm_source=default 상담방코인 https://open.kakao.com/me/paming 티스토리 코인 https://mingog
53,2025-07-14T05:54:33+09:00,코인 프로그램 인증,코인 프로그램 테스트 결과 10시간 경과,https://mingogogo.tistory.com/53,575,1,text_rich,6,,,,,28,21.18%|20.41%|0.8%|32.99%|15.50%|3.4%|0.8%|8.11%|20.22%|12%|14.70 %|30.97%|15%|10.81 %|9.17%|1.6%|14.79 %|20.78%|6%|4.27 %,제가 만든 프로그램이구요 10시간 경과후 결과입니다. 바운스는 너무 급등이라 예측가능 했었고 나머진 꾀나 의미 있게 다 상승 하였습니다. 약 10간 경과후 7-14일 오전 6시 카이버 네트워크 21.18% --->20.41% 하락 0.8% 바운스 토큰 32.99% --->15.50% 하락 (큰상승으로 인한조정 예산가능했던) 1인치 네트워크 3.4%--->0.8% 하락 스텔라루멘 8.11%---->20.22% 12% 상승 펏지 펭귄 14.70 % ------>30
161,2025-11-13T06:27:39+09:00,인증 저장공간,코인 추천 했었던 내용 그리고 현제 결과,https://mingogogo.tistory.com/161,1153,8,text_rich,5,BD|EB|EC|ED,,,,3,94%|8%|0%,"""파일코인 추천"" 결과 코인 분석 프로그램상 중복 리스트 추천 카카오 코인 오픈톡 https://open.kakao.com/o/gu21QyJh 코인파밍 코인 프로그램 무료배포방 코인파밍 #코인파밍#비트코인#코인주천#코인분석#업비트#코인시황#파밍코인#빗썸#바이낸스#AI코인추천#코인방#코인공부#코인분석#코인분석기#코인공부방#코인모임# open.kakao.com 상담방코인 https://open.kakao.com/me/paming 파밍님의 오픈프로필 상담할 내용 말씀"
160,2025-11-13T06:16:01+09:00,인증 저장공간,11월 12일 추천리스트 그리고 결과,https://mingogogo.tistory.com/160,1037,5,text_rich,5,BD|EB|EC|ED,,,,3,94%|8%|0%,카카오 코인 오픈톡 https://open.kakao.com/o/gu21QyJh 코인파밍 코인 프로그램 무료배포방 코인파밍 #코인파밍#비트코인#코인주천#코인분석#업비트#코인시황#파밍코인#빗썸#바이낸스#AI코인추천#코인방#코인공부#코인분석#코인분석기#코인공부방#코인모임# open.kakao.com 틱톡 https://www.tiktok.com/@jjinbbin 유튜브 민지네일상 채널 https://www.youtube.com/@minjinehot 유튜브 코인파밍 
226,2025-11-29T15:57:14+09:00,수익율 인증공간 날자별 최대 3일후까지,7월14일 추천 리스트 3일간 인증,https://mingogogo.tistory.com/226,319,1,mixed,5,AI|XRP,,,,6,+11.44%|+18.85%|100.0%|+18.85%|+15.38%|+14.68%,"파밍 수익률 분석 리포트 [분석 개요] 분석 기간: 2025-07-14T21:00 기준 3일간 분석 코인: 9개 평균 수익률: +11.44% 최고 수익률: +18.85% 상승 정확도: 100.0% [상위 코인 분석] 1위. 엑스알피(리플) (XRP) - +18.85% 시작가 4,043원 → 최고가 4,805원 2위. 바운스토큰 (Bounce) - +15.38% 시작가 16,130원 → 최고가 18,610원 3위. 사하라에이아이 (Sahara AI) - +14.6"
238,2025-11-30T22:52:44+09:00,수익율 인증공간 날자별 최대 3일후까지,7월23일 추천 리스트 3일간 인증,https://mingogogo.tistory.com/238,315,1,mixed,5,AI|HUNT,,,,6,+10.01%|+14.24%|100.0%|+14.24%|+12.91%|+11.40%,파밍 수익률 분석 리포트 [분석 개요] 분석 기간: 2025-07-23T21:00 기준 3일간 분석 코인: 10개 평균 수익률: +10.01% 최고 수익률: +14.24% 상승 정확도: 100.0% [상위 코인 분석] 1위. 무브먼트 (Movement) - +14.24% 시작가 223.3원 → 최고가 255.1원 2위. 사하라에이아이 (Sahara AI) - +12.91% 시작가 202.1원 → 최고가 228.2원 3위. 헌트 (HUNT) - +11.40% 시작
228,2025-11-29T16:12:23+09:00,수익율 인증공간 날자별 최대 3일후까지,7월17일 추천 리스트 3일간 인증,https://mingogogo.tistory.com/228,315,1,mixed,4,AI,,,,6,+11.96%|+27.32%|100.0%|+27.32%|+17.66%|+17.51%,파밍 수익률 분석 리포트 [분석 개요] 분석 기간: 2025-07-17T21:00 기준 3일간 분석 코인: 10개 평균 수익률: +11.96% 최고 수익률: +27.32% 상승 정확도: 100.0% [상위 코인 분석] 1위. 도지코인 (Dogecoin) - +27.32% 시작가 296.9원 → 최고가 378원 2위. 사하라에이아이 (Sahara AI) - +17.66% 시작가 109.3원 → 최고가 128.6원 3위. 무뎅 (Moo Deng) - +17.51% 
237,2025-11-30T22:42:12+09:00,수익율 인증공간 날자별 최대 3일후까지,7월22일 추천 리스트 3일간 인증,https://mingogogo.tistory.com/237,332,1,mixed,3,,,,,6,+11.13%|+66.77%|100.0%|+66.77%|+12.58%|+7.93%,"파밍 수익률 분석 리포트 [분석 개요] 분석 기간: 2025-07-22T21:00 기준 3일간 분석 코인: 9개 평균 수익률: +11.13% 최고 수익률: +66.77% 상승 정확도: 100.0% [상위 코인 분석] 1위. 하이퍼레인 (Hyperlane) - +66.77% 시작가 503.2원 → 최고가 839.2원 2위. 테조스 (Tezos) - +12.58% 시작가 1,312원 → 최고가 1,477원 3위. 비트코인캐시 (Bitcoin Cash) - +7.93"
222,2025-11-28T21:35:59+09:00,수익율 인증공간 날자별 최대 3일후까지,7월10일 추천 리스트 3일간 인증,https://mingogogo.tistory.com/222,322,1,mixed,3,,,,,6,+36.13%|+49.51%|100.0%|+49.51%|+36.95%|+21.92%,파밍 수익률 분석 리포트 [분석 개요] 분석 기간: 2025-07-10T09:00 기준 3일간 분석 코인: 3개 평균 수익률: +36.13% 최고 수익률: +49.51% 상승 정확도: 100.0% [상위 코인 분석] 1위. 히포프로토콜 (Hippo Protocol) - +49.51% 시작가 65.24원 → 최고가 97.54원 2위. 무브먼트 (Movement) - +36.95% 시작가 201.6원 → 최고가 276.1원 3위. 테더 (Tether) - +21.9
231,2025-11-29T16:34:23+09:00,수익율 인증공간 날자별 최대 3일후까지,7월21일 추천 리스트 3일간 인증,https://mingogogo.tistory.com/231,321,1,mixed,3,,,,,6,+12.75%|+34.48%|100.0%|+34.48%|+27.95%|+23.74%,파밍 수익률 분석 리포트 [분석 개요] 분석 기간: 2025-07-21T21:00 기준 3일간 분석 코인: 10개 평균 수익률: +12.75% 최고 수익률: +34.48% 상승 정확도: 100.0% [상위 코인 분석] 1위. 스트라티스 (Stratis) - +34.48% 시작가 73.18원 → 최고가 98.41원 2위. 펏지펭귄 (Pudgy Penguins) - +27.95% 시작가 50.73원 → 최고가 64.91원 3위. 칼데라 (Caldera) - +23.
218,2025-11-28T00:29:45+09:00,수익율 인증공간 날자별 최대 3일후까지,11월25일 오후 6시 신형디커플링 추천리스트 3일 수익율 추적,https://mingogogo.tistory.com/218,319,1,mixed,3,,,,,6,+28.93%|+115.55%|100.0%|+115.55%|+51.76%|+41.74%,"파밍 수익률 분석 리포트 [분석 개요] 분석 기간: 2025-11-25T18:42 기준 3일간 분석 코인: 11개 평균 수익률: +28.93% 최고 수익률: +115.55% 상승 정확도: 100.0% [상위 코인 분석] 1위. 메테오라 (Meteora) - +115.55% 시작가 479.25원 → 최고가 1,033원 2위. 지토 (Jito) - +51.76% 시작가 761.07원 → 최고가 1,155원 3위. 모나드 (Monad) - +41.74% 시작가 52."
239,2025-11-30T22:54:47+09:00,수익율 인증공간 날자별 최대 3일후까지,7월24일 추천 리스트 3일간 인증,https://mingogogo.tistory.com/239,319,1,mixed,3,,,,,6,+7.23%|+12.26%|100.0%|+12.26%|+10.24%|+9.90%,"파밍 수익률 분석 리포트 [분석 개요] 분석 기간: 2025-07-24T21:00 기준 3일간 분석 코인: 10개 평균 수익률: +7.23% 최고 수익률: +12.26% 상승 정확도: 100.0% [상위 코인 분석] 1위. 엘프 (aelf) - +12.26% 시작가 310원 → 최고가 348원 2위. 넥스페이스 (Nexpace) - +10.24% 시작가 1,601원 → 최고가 1,765원 3위. 캣인어독스월드 (cat in a dogs world) - +9.90"
214,2025-11-27T23:31:21+09:00,수익율 인증공간 날자별 최대 3일후까지,2025 추천 리스트,https://mingogogo.tistory.com/214,318,1,mixed,3,,,,,6,+19.43%|+28.25%|100.0%|+28.25%|+23.56%|+17.55%,"파밍 수익률 분석 리포트 [분석 개요] 분석 기간: 2025-11-11T06:47 기준 3일간 분석 코인: 4개 평균 수익률: +19.43% 최고 수익률: +28.25% 상승 정확도: 100.0% [상위 코인 분석] 1위. 유니스왑 (Uniswap) - +28.25% 시작가 11,859.467원 → 최고가 15,210원 2위. 스토리 (Story) - +23.56% 시작가 5,220.322원 → 최고가 6,450원 3위. 제로지 (0G) - +17.55% 시작가"
230,2025-11-29T16:25:00+09:00,수익율 인증공간 날자별 최대 3일후까지,7월19일 추천 리스트 3일간 인증,https://mingogogo.tistory.com/230,316,1,mixed,3,,,,,6,+10.78%|+32.37%|100.0%|+32.37%|+24.74%|+10.94%,파밍 수익률 분석 리포트 [분석 개요] 분석 기간: 2025-07-19T21:00 기준 3일간 분석 코인: 10개 평균 수익률: +10.78% 최고 수익률: +32.37% 상승 정확도: 100.0% [상위 코인 분석] 1위. 무뎅 (Moo Deng) - +32.37% 시작가 257.3원 → 최고가 340.6원 2위. 카이버네트워크 (Kyber Network) - +24.74% 시작가 591.8원 → 최고가 738.2원 3위. 봉크 (Bonk) - +10.94% 
223,2025-11-28T21:45:29+09:00,수익율 인증공간 날자별 최대 3일후까지,7월11일 추천 리스트 3일간 인증,https://mingogogo.tistory.com/223,313,1,mixed,3,,,,,6,+15.85%|+70.81%|100.0%|+70.81%|+19.29%|+17.02%,파밍 수익률 분석 리포트 [분석 개요] 분석 기간: 2025-07-11T09:00 기준 3일간 분석 코인: 9개 평균 수익률: +15.85% 최고 수익률: +70.81% 상승 정확도: 100.0% [상위 코인 분석] 1위. 펏지펭귄 (Pudgy Penguins) - +70.81% 시작가 25.76원 → 최고가 44원 2위. 하이퍼레인 (Hyperlane) - +19.29% 시작가 785.5원 → 최고가 937원 3위. 봉크 (Bonk) - +17.02% 시작가 
224,2025-11-28T21:55:57+09:00,수익율 인증공간 날자별 최대 3일후까지,7월13일 추천 리스트 3일간 인증,https://mingogogo.tistory.com/224,310,1,mixed,3,,,,,6,+11.23%|+24.42%|100.0%|+24.42%|+13.87%|+13.19%,파밍 수익률 분석 리포트 [분석 개요] 분석 기간: 2025-07-13T21:00 기준 3일간 분석 코인: 6개 평균 수익률: +11.23% 최고 수익률: +24.42% 상승 정확도: 100.0% [상위 코인 분석] 1위. 세이 (Sei) - +24.42% 시작가 430원 → 최고가 535원 2위. 코박토큰 (Cobak Token) - +13.87% 시작가 857.7원 → 최고가 976.7원 3위. 하이퍼레인 (Hyperlane) - +13.19% 시작가 596
229,2025-11-29T16:18:49+09:00,수익율 인증공간 날자별 최대 3일후까지,7월18일 추천 리스트 3일간 인증,https://mingogogo.tistory.com/229,310,1,mixed,3,,,,,6,+11.86%|+20.96%|100.0%|+20.96%|+15.14%|+13.68%,파밍 수익률 분석 리포트 [분석 개요] 분석 기간: 2025-07-18T21:00 기준 3일간 분석 코인: 10개 평균 수익률: +11.86% 최고 수익률: +20.96% 상승 정확도: 100.0% [상위 코인 분석] 1위. 도지코인 (Dogecoin) - +20.96% 시작가 322.5원 → 최고가 390.1원 2위. 헤데라 (Hedera) - +15.14% 시작가 354.6원 → 최고가 408.3원 3위. 알고랜드 (Algorand) - +13.68% 시작가
240,2025-11-30T23:00:15+09:00,수익율 인증공간 날자별 최대 3일후까지,7월 26일 추천 리스트 3일간 인증,https://mingogogo.tistory.com/240,305,1,mixed,3,,,,,6,+6.17%|+9.87%|100.0%|+9.87%|+9.47%|+9.31%,"파밍 수익률 분석 리포트 [분석 개요] 분석 기간: 2025-07-26T21:00 기준 3일간 분석 코인: 9개 평균 수익률: +6.17% 최고 수익률: +9.87% 상승 정확도: 100.0% [상위 코인 분석] 1위. 하이퍼레인 (Hyperlane) - +9.87% 시작가 682.2원 → 최고가 749.5원 2위. 칼데라 (Caldera) - +9.47% 시작가 1,774원 → 최고가 1,942원 3위. 사인 (Sign) - +9.31% 시작가 106.3원 →"
221,2025-11-28T21:15:32+09:00,수익율 인증공간 날자별 최대 3일후까지,7월15일 추천 리스트 3일간 인증,https://mingogogo.tistory.com/221,298,1,mixed,3,,,,,6,+9.28%|+37.21%|100.0%|+37.21%|+15.60%|+10.24%,파밍 수익률 분석 리포트 [분석 개요] 분석 기간: 2025-07-15T21:00 기준 3일간 분석 코인: 10개 평균 수익률: +9.28% 최고 수익률: +37.21% 상승 정확도: 100.0% [상위 코인 분석] 1위. 봉크 (Bonk) - +37.21% 시작가 0.041원 → 최고가 0.056원 2위. 펀디엑스 (Pundi X) - +15.60% 시작가 480.1원 → 최고가 555원 3위. 아더 (Ardor) - +10.24% 시작가 127원 → 최고가 
264,2025-12-11T23:10:04+09:00,코인 프로그램 인증,단타 분석기 백테스트 결과 약 15분경과,https://mingogogo.tistory.com/264,273,1,mixed,1,BTC,,,,0,,https://open.kakao.com/o/pcrL4j6h 코인 추천 기술적 분석 AI분석 코인 연구소 #비트코인#알트코인#BTC#바이낸스#선물#비트겟#바이비트#비트#알트#bitcoin#업비트#빗썸#에드작#에어드랍#라이터#퍼프덱스#퍼덱#하리#하이퍼리퀴드#hype#리플#코인#dex#디파이#defi#perpdex#sui#수이#솔라 open.kakao.com 유로프로그램 상단 솜니아 헌트 솔라 웨이브 비트토렌트 롬바드 트래킹 기능으로 추적 결과 현제 15~20분경과
285,2026-01-22T12:41:46+09:00,코인 프로그램 인증,1월21일 추천리스트 (아야),https://mingogogo.tistory.com/285,210,2,mixed,1,BTC,,,,0,,1월22일 오후12시41분결과 https://open.kakao.com/o/pcrL4j6h 코인 추천 기술적 분석 AI분석 코인 연구소 #코인파밍#아야코인#비트코인#알트코인#BTC#바이낸스#선물#비트겟#바이비트#비트#알트#bitcoin#업비트#빗썸#에드작#에어드랍#라이터#퍼프덱스#퍼덱#하리#하이퍼리퀴드#hype#리플#코인#dex#디파이#defi# open.kakao.com
268,2025-12-16T12:23:30+09:00,눌림코인 저장공간,12월16일1리스트,https://mingogogo.tistory.com/268,209,5,mixed,1,BTC,,,,0,,신규 학습알고리즘 https://open.kakao.com/o/pcrL4j6h 코인 추천 기술적 분석 AI분석 코인 연구소 #비트코인#알트코인#BTC#바이낸스#선물#비트겟#바이비트#비트#알트#bitcoin#업비트#빗썸#에드작#에어드랍#라이터#퍼프덱스#퍼덱#하리#하이퍼리퀴드#hype#리플#코인#dex#디파이#defi#perpdex#sui#수이#솔라 open.kakao.com
254,2025-12-07T09:59:46+09:00,인증 저장공간,추천리스트 이틀뒤 12/5일,https://mingogogo.tistory.com/254,205,4,mixed,1,BTC,,,,0,,https://open.kakao.com/o/pcrL4j6h 코인 추천 기술적 분석 AI분석 코인 연구소 #비트코인#알트코인#BTC#바이낸스#선물#비트겟#바이비트#비트#알트#bitcoin#업비트#빗썸#에드작#에어드랍#라이터#퍼프덱스#퍼덱#하리#하이퍼리퀴드#hype#리플#코인#dex#디파이#defi#perpdex#sui#수이#솔라 open.kakao.com 12월7일
286,2026-01-25T16:39:32+09:00,인증 저장공간,1월25일 추천리스트,https://mingogogo.tistory.com/286,193,4,mixed,1,BTC,,,,0,,https://open.kakao.com/o/pcrL4j6h 코인 추천 기술적 분석 AI분석 코인 연구소 #코인파밍#아야코인#비트코인#알트코인#BTC#바이낸스#선물#비트겟#바이비트#비트#알트#bitcoin#업비트#빗썸#에드작#에어드랍#라이터#퍼프덱스#퍼덱#하리#하이퍼리퀴드#hype#리플#코인#dex#디파이#defi# open.kakao.com
287,2026-01-26T10:08:39+09:00,인증 저장공간,1월26일 추천리스트결과 타이코 50프로 급등,https://mingogogo.tistory.com/287,193,10,mixed,1,BTC,,,,0,,https://open.kakao.com/o/pcrL4j6h 코인 추천 기술적 분석 AI분석 코인 연구소 #코인파밍#아야코인#비트코인#알트코인#BTC#바이낸스#선물#비트겟#바이비트#비트#알트#bitcoin#업비트#빗썸#에드작#에어드랍#라이터#퍼프덱스#퍼덱#하리#하이퍼리퀴드#hype#리플#코인#dex#디파이#defi# open.kakao.com
149,2025-11-09T18:54:31+09:00,눌림코인 저장공간,11-09 눌림코인 리스트,https://mingogogo.tistory.com/149,184,7,mixed,0,,,,,0,,3분봉 15분봉 30분봉 60분봉 카카오 코인 오픈톡 https://open.kakao.com/o/gu21QyJh 코인파밍 코인 프로그램 무료배포방 코인파밍 #코인파밍#비트코인#코인주천#코인분석#업비트#코인시황#파밍코인#빗썸#바이낸스#AI코인추천#코인방#코인공부#코인분석#코인분석기#코인공부방#코인모임# open.kakao.com
106,2025-09-29T01:08:06+09:00,눌림코인 저장공간,9월 29일 눌림코인 리스트,https://mingogogo.tistory.com/106,117,4,image_heavy,0,,,,,0,,파밍 제작 프로그램 눌림코인 리스트 칼데라 아직도 눌리고 있네... 내일 이나 모래즈음 갈듯 베이직 어텐션 토카막 칼데라 아반티스 레드스톤 스트라티스 보라 파일코인 빔 웨이브 무브먼트 트리 유니스왑 텔레그램
56,2025-07-17T04:32:52+09:00,코인추천,7월17일 코인 추천 리스트,https://mingogogo.tistory.com/56,41,5,image_heavy,0,,,,,0,,5년간 투자한 제가 직접 제작한 프로그램 매일 급등 코인 리스트안에서 확인
300,2026-03-31T19:34:15+09:00,코인 프로그램 인증,급등예상코인  주천리스트&결과,https://mingogogo.tistory.com/300,19,10,image_heavy,0,,,,,0,,전반적으로7~80프로 모두상승 확인
304,2026-04-07T17:45:39+09:00,알고리즘 저장공간,4월7일 코인 시그널정리,https://mingogogo.tistory.com/304,17,10,image_heavy,0,,,,,0,,급등예상코인 리스트 데이터 정리
166,2025-11-15T12:53:44+09:00,눌림코인 저장공간,코인 디커플링리스트,https://mingogogo.tistory.com/166,15,10,image_heavy,0,,,,,0,,11월15일 15분200캔들
111,2025-10-07T08:12:14+09:00,카테고리 없음,10월7일 코인 추천리스트,https://mingogogo.tistory.com/111,14,10,image_heavy,0,,,,,0,,셀로부터는 디커플링 리스트
295,2026-02-15T02:13:57+09:00,눌림코인 저장공간,밈코인 매집시그널,https://mingogogo.tistory.com/295,7,6,image_heavy,0,,,,,0,,밈 코인 매집
309,2026-04-15T10:07:19+09:00,인증 저장공간,급등예상코인 적중결과,https://mingogogo.tistory.com/309,5,2,image_heavy,0,,,,,0,,화이팅♡♡
184,2025-11-24T07:31:31+09:00,눌림코인 저장공간,11월 24일급등예상코인 리스트,https://mingogogo.tistory.com/184,0,10,image_heavy,0,,,,,0,,
189,2025-11-25T12:52:29+09:00,눌림코인 저장공간,25일 급등예상코인 리스트,https://mingogogo.tistory.com/189,0,10,image_heavy,0,,,,,0,,
294,2026-02-14T13:46:10+09:00,코인 프로그램 인증,급등예상코인 결과,https://mingogogo.tistory.com/294,0,4,image_heavy,0,,,,,0,,
