id,date,category,title,url,text_len,image_count,ticker_count,tickers,coin_kr_count,coin_kr,pct_count,pct_sample,num_count
121,2025-10-22T17:07:59+09:00,코인 강의(공부하기),보조지표에 대한 이해 (초보자용),https://mingogogo.tistory.com/121,29853,0,28,ADA|ADX|ATR|BTC|CCI|COVID|DCB|EMA|ETH|FOMO|FTX|FUD|KRW|MA|MACD|MATIC|NO|OBV|OTP|RS|RSI|SEC|SMA|SMS|SOL|USDT|XRP|YES,0,,169,40%|30%|30%|70%|-40%|-40%|-30%|10%|20%|30%|40%|40%|-70%|30%|40%|30%|70%|30%|150%|40%,849
126,2025-10-25T03:08:33+09:00,코인 강의(공부하기),코인패턴 강의 (파밍제작),https://mingogogo.tistory.com/126,11685,0,5,CME|MACD|OBV|RSI|UP,0,,153,-70%|-30%|5%|50%|30%|20%|30%|75%|68%|+22%|72%|75%|-40%|50%|30%|20%|-5%|72%|+31%|68%,412
165,2025-11-15T03:19:14+09:00,카테고리 없음,암호화폐(코인)투자 가이드 금리란?,https://mingogogo.tistory.com/165,9038,0,23,ALT|AVAX|BLS|BNB|BTC|CPI|DCA|ETF|ETH|FOMC|FOMO|FTX|LINK|MATIC|NFP|NFT|PCE|PPI|RSI|SOL|USDC|USDT|XRP,0,,133,1%|50%|30%|25%|2.5%|0.25%|60%|50%|40%|0.25%|5.5%|77%|82%|50%|30%|20%|50%|16.7%|16.7%|3%,320
164,2025-11-15T03:14:48+09:00,코인 강의(공부하기),암호화폐 상승 하락 시그널 완벽 가이드 금리 상승 하락에 따른 변동,https://mingogogo.tistory.com/164,10561,0,16,ARK|ARKB|BTC|CPI|DXY|ETF|FBTC|FOMC|FOMO|FTX|GBTC|IBIT|NFP|SEC|TOP|USDT,0,,109,80%|70%|5%|3%|5%|2%|-50%|33%|2%|5%|5%|-20%|3.5%|3.2%|-5%|-10%|3.3%|3.1%|+1.9%|+4.3%,371
243,2025-12-01T20:12:55+09:00,코인 강의(공부하기),마진거래 강의 2강,https://mingogogo.tistory.com/243,14340,0,19,ATR|BTC|EMA|FOMO|KST|LW|MACD|MM|NOW|OKX|POST|PRE|RS|RSI|SEPA|SMA|TIP|UTC|VCP,0,,82,10%|+10%|+30%|+50%|+100%|10%|50%|0.5%|9.5%|000%|4%|2%|5%|-12%|15%|-12%|-3%|220%|155%|30%,375
124,2025-10-22T17:47:04+09:00,코인 강의(공부하기),돈복남 코인유튜버 코인서적 정리 요약,https://mingogogo.tistory.com/124,11665,0,17,ADA|AI|BRICS|BTC|CBDC|ETF|ETH|FOMO|NEXT|NFT|OTP|SOL|TV|TVL|URL|VC|XRP,0,,65,000%|531%|50%|100%|200%|50%|30%|100%|30%|200%|10%|20%|30%|10%|3%|5%|10%|50%|80%|10%,210
292,2026-02-06T23:46:18+09:00,코인 강의(공부하기),투자 강의 바이블,https://mingogogo.tistory.com/292,11832,1,23,AAVE|ADA|AI|BTC|DEX|EMA|ETH|FOMO|LINK|LP|LTC|MACD|NFT|NVT|OBV|OK|QE|RSI|RWA|SMA|SOL|UNI|XMR,0,,60,0%|0%|0%|0%|70%|38.2%|50%|61.8%|61.8%|61.8%|38.2%|23.6%|38.2%|50%|61.8%|78.6%|127.2%|161.8%|200%|261.8%,323
122,2025-10-22T17:29:29+09:00,코인 강의(공부하기),"크립토에셋(암호화폐,코인)",https://mingogogo.tistory.com/122,12560,0,44,ADA|AI|ARK|AXS|BNB|BTC|CBDC|CFTC|CHAPTER|DAI|DAO|DASH|DCA|DEX|DLT|DOT|ENS|ETH|EU|EVM|FIL|FINAL|FOMO|HW|ICO|ISMS|LINK|LTC|NFT|NVT|NVTV|PBR|PER|RSI|SEC|SNS|SOL|SPOF|SW|TPS|UNI|USDC|VA|XMR,0,,49,+3.24%|+5.12%|-1.23%|+7.89%|+2.45%|-10%|-70%|-30%|10%|70%|25%|5%|40%|40%|20%|50%|-5%|-10%|-30%|30%,351
127,2025-10-30T18:02:23+09:00,코인 강의(공부하기),원화 가치 하락시 투자방법.,https://mingogogo.tistory.com/127,5323,0,12,ACWI|AGG|AOA|BND|ETF|KODEX|MMF|QQQ|SPY|TLT|VT|VTI,0,,43,10%|5%|30%|30%|20%|20%|30%|25%|45%|10%|5.5%|35%|25%|15%|25%|30%|20%|15%|15%|20%,128
173,2025-11-19T23:04:53+09:00,매출 폭발 마케팅 실전기,MINJINE 마케팅 전략,https://mingogogo.tistory.com/173,21877,0,23,API|ARPU|CAC|CEO|CFO|CRM|CTA|CTO|CTR|FAQ|KPI|LTV|MRR|NPS|PDF|POV|RCI|ROAS|ROI|SEO|SNS|TOP|VIP,0,,34,80%|80%|60%|80%|99%|-20%|-40%|3%|80%|35%|52%|80%|10%|50%|3%|99%|30%|30%|10%|50%,565
207,2025-11-26T23:49:28+09:00,코인 강의(공부하기),선물거래 양방향 배팅 노하우,https://mingogogo.tistory.com/207,12653,0,14,APR|BNB|BTC|CEO|COIN|CONTENTS|CPI|ETF|FAQ|FOMC|MORE|SEAFOOD|TRADING|VIP,0,,32,10%|+8.3%|-8.3%|10%|10%|30%|50%|70%|0.3%|+0.1%|0.05%|5%|5%|-30%|0.04%|0.06%|-10%|50%|-14.3%|-100%,202
206,2025-11-26T23:43:55+09:00,코인 강의(공부하기),"마진거래 vs 선물거래 가이드 바이낸스,비트겟,바이비트,MEXC,OKX",https://mingogogo.tistory.com/206,6036,0,13,FOMO|FVG|KYC|MEXC|OKX|POC|ROI|TIP|TRX|UP|USDT|VIP|XRP,0,,32,100%|0.01%|0.06%|0.02%|0.06%|0.02%|0.04%|0%|0.03%|0.02%|0.05%|0.01%|0.06%|0.05%|0.04%|0.2%|0.2%|0.06%|0.06%|1%,115
266,2025-12-13T19:55:20+09:00,코인 강의(공부하기),코인 청산빔이란?,https://mingogogo.tistory.com/266,6613,0,33,AAVE|ADA|AI|ATOM|AVAX|AXS|BNB|BTC|CPI|DAU|DOGE|DOT|ETH|FET|FIL|FOMC|GRT|JINE|LINK|MANA|MIN|MKR|NFT|PEPE|RNDR|SAND|SHIB|SNS|SOL|STEP|TAO|TVL|UNI,0,,31,0.8%|-50%|-99%|-50%|-20%|-10%|-4%|-1%|10%|100%|10%|100%|100%|100%|5%|5%|9.5%|-30%|-50%|21%,193
125,2025-10-25T02:55:56+09:00,코인 강의(공부하기),"코인,주식 추세선 이해하기",https://mingogogo.tistory.com/125,8865,0,8,API|BTC|ETC|ETH|MACD|RSI|VPVR|XRP,0,,28,20%|50%|75%|90%|80%|3%|3%|10%|3%|50%|2%|50%|+10%|50%|+17%|+13.5%|2.5%|+5.4%|11.5%|50%,256
262,2025-12-11T12:07:04+09:00,코인 프로그램 유료버전,코인분석기 3종,https://mingogogo.tistory.com/262,14686,28,30,ADX|API|ATR|BB|BTC|BUY|CCI|EMA|ETH|EXTREME|HOLD|LONG|MACD|MAX|MFI|MTF|NEUTRAL|OBV|OFF|ON|PC|PRO|RCI|RSI|SELL|SHORT|SMA|STRONG|TRACK|VWAP,0,,24,15%|12%|10%|10%|12%|10%|8%|8%|8%|7%|-3%|-5%|+5%|+10%|+15%|80%|2%|5%|-10%|-5%,281
236,2025-11-30T18:31:50+09:00,코인 강의(공부하기),바이낸스 간접 체험 선물 마진거래,https://mingogogo.tistory.com/236,2696,0,19,AI|BINANCE|BTC|BTCUSDT|CRYPTO|EMA|FUTURES|KRW|MACD|MARGIN|MASTER|OI|PRO|ROE|RSI|SYSTEM|SYSTEMS|TRADING|USDT,0,,23,+2.34%|54.32%|45.68%|+0.0234%|+0.0198%|+0.0156%|-0.0087%|+2.34%|87%|+23%|58%|42%|-2.1%|+1.3%|+2.8%|+2.34%|10%|25%|50%|75%,105
108,2025-10-01T18:49:07+09:00,코인 강의(공부하기),텔레그램 봇 + 알트평균 그래프 매수매도 방법,https://mingogogo.tistory.com/108,3393,2,4,OFF|ON|STEP|XRP,0,,23,20%|30%|50%|20%|30%|-2%|-3%|50%|-4%|-5%|20%|+3%|+3%|-3%|+3%|-3%|20%|-2.8%|30%|-5%,94
263,2025-12-11T12:08:30+09:00,코인 프로그램 유료버전,코인분석기 3종 프로그램 사용가이드,https://mingogogo.tistory.com/263,4684,0,21,ADX|ATR|BB|BTC|CCI|HOLD|HTML|LONG|MACD|MAX|MFI|MTF|OBV|OFF|PRO|RCI|RSI|SHORT|STRONG|TRACK|VWAP,0,,19,15%|12%|10%|10%|12%|10%|8%|8%|8%|7%|-3%|-5%|+5%|+10%|+15%|2%|-5%|-10%|100%,157
76,2025-09-10T16:53:44+09:00,코인 강의(공부하기),코인 주식 보조지표 강의,https://mingogogo.tistory.com/76,7486,0,15,ADX|CCI|DI|DMI|EMA|MA|MACD|MFI|OBV|RS|RSI|SAR|SMA|TRIX|VIX,0,,16,20%|-27%|-35%|19%|35%|34%|85%|2%|2%|30%|40%|30%|20%|70%|35%|-2%,178
169,2025-11-16T15:27:59+09:00,카테고리 없음,MINJINE 코인 자동화 사업 로드맵,https://mingogogo.tistory.com/169,5505,0,10,API|BD|EB|EC|ED|FAQ|PDF|RCI|SEO|SNS,0,,15,-30%|+30%|+50%|30%|+70%|40%|+100%|+120%|50%|+150%|20%|30%|94%|8%|0%,139
208,2025-11-27T00:10:06+09:00,코인 강의(공부하기),마진거래 시뮬레이터,https://mingogogo.tistory.com/208,1922,0,4,APY|BTC|ROE|USDT,0,,14,-10.0%|+5.0%|+50.0%|-14.3%|0.5%|2%|10%|-4.0%|2%|50%|28.6%|+0.01%|10.95%|10.95%,77
71,2025-09-08T20:36:55+09:00,코인 강의(공부하기),비트코인 이더리움 알트코인 상관관계,https://mingogogo.tistory.com/71,1145,4,2,BTC|ETH,0,,13,50%|60%|80%|70%|100%|-3%|-7%|-2%|-5%|7%|50%|15%|60%,37
107,2025-10-01T18:30:13+09:00,코인 프로그램 무료 버전,통합시장 추세분석기 제작:파밍,https://mingogogo.tistory.com/107,3782,3,11,AD|AF|BC|BD|BTC|EB|EC|ED|ETH|ON|SMA,0,,11,0%|100%|94%|8%|0%|7%|80%|84%|97%|82%|8%,67
64,2025-09-01T20:47:17+09:00,코인 프로그램 유료버전,실시간 코인분석기,https://mingogogo.tistory.com/64,2751,3,12,AD|AF|API|BC|BD|CCI|EB|EC|ED|RSI|SMC|SNS,0,,10,100%|8%|7%|80%|84%|97%|82%|94%|8%|0%,61
198,2025-11-25T20:10:35+09:00,코인 강의(공부하기),바이낸스 인터페이스,https://mingogogo.tistory.com/198,2519,0,13,ADA|BNB|BTC|CEO|CO|DOGE|ETH|IQ|PNL|ROE|SOL|USDT|XRP,0,,9,+5.58%|+6.48%|+2.87%|0%|25%|50%|75%|100%|0.04%,94
195,2025-11-25T19:46:08+09:00,코인 강의(공부하기),바이낸스 인터페이스,https://mingogogo.tistory.com/195,1297,0,9,ADA|BNB|BTC|DOGE|ETH|IQ|SOL|USDT|XRP,0,,9,+5.58%|+6.48%|+2.87%|0%|25%|50%|75%|100%|0.04%,88
216,2025-11-27T23:53:30+09:00,수익율 인증공간 날자별 최대 3일후까지,11월 13일 오전 7시 58분 추천리스트 수익율 체크,https://mingogogo.tistory.com/216,1138,1,5,BD|EB|EC|ED|ID,0,,9,+13.25%|+27.09%|100.0%|+27.09%|+18.77%|+18.23%|94%|8%|0%,45
217,2025-11-28T00:00:01+09:00,코인 프로그램 인증,11월 11일 추천 코인 리스트 수익율 체크 (과거초기 분석 프로그램),https://mingogogo.tistory.com/217,1136,1,5,BD|EB|EC|ED|ID,0,,9,+28.28%|+112.75%|100.0%|+112.75%|+38.22%|+32.33%|94%|8%|0%,42
181,2025-11-23T12:23:49+09:00,코인 프로그램 인증,11월23일 브리핑,https://mingogogo.tistory.com/181,2326,8,8,AERO|AXS|BD|EB|EC|ED|OG|TREE,0,,8,94%|8%|0%|14%|+14.73%|+4.03%|67%|14%,37
105,2025-09-28T20:08:12+09:00,코인 강의(공부하기)/파밍놀이터,방송중 음성 출력시스템 텍스트 음성출,https://mingogogo.tistory.com/105,1971,2,6,AD|AF|BC|EB|EC|TTS,0,,7,100%|7%|80%|84%|97%|82%|8%,41
123,2025-10-22T17:35:31+09:00,코인 강의(공부하기),코인의 역사 이해하기,https://mingogogo.tistory.com/123,4750,0,3,DCA|HODL|SNS,0,,7,98%|000%|1.5%|-10%|0.83%|99%|-10%,75
182,2025-11-23T22:39:06+09:00,코인 프로그램 인증,파밍 코인분석기 후기 [데이터 분석] 급등 신호 포착!,https://mingogogo.tistory.com/182,1829,11,12,ARDR|AXS|BD|CTC|EB|EC|ED|HP|NFT|TOSHI|TREE|YGG,0,,6,94%|8%|0%|67%|+31%|+13%,46
308,2026-04-13T10:09:31+09:00,인증 저장공간,4월13일 추천. 코인리스트,https://mingogogo.tistory.com/308,1522,10,11,AHT|ANKR|CFG|DKA|ID|IMX|KITE|LIVE|LPT|ONG|ULTRA,0,,6,-2.7%|-3.1%|+7.8%|+4.4%|+3.8%|+195.9%,33
142,2025-11-07T00:11:04+09:00,민이 일기,"성공하는 마인드 ""RAS""
(망상 활성계)",https://mingogogo.tistory.com/142,3026,2,6,AD|AF|BC|EB|EC|RAS,0,,6,8%|7%|80%|84%|97%|82%,36
101,2025-09-25T18:10:00+09:00,코인 강의(공부하기),코인 주식 캔들 기본개념,https://mingogogo.tistory.com/101,4120,0,5,MACD|MINJI|RSI|TRADING|VIX,0,,6,-40%|100%|2%|2%|75%|70%,43
180,2025-11-22T20:27:46+09:00,카테고리 없음,제안서,https://mingogogo.tistory.com/180,3451,0,3,RCI|RSI|ZLSMA,0,,6,10%|20%|40%|70%|100%|40%,98
226,2025-11-29T15:57:14+09:00,수익율 인증공간 날자별 최대 3일후까지,7월14일 추천 리스트 3일간 인증,https://mingogogo.tistory.com/226,319,1,2,AI|XRP,0,,6,+11.44%|+18.85%|100.0%|+18.85%|+15.38%|+14.68%,24
238,2025-11-30T22:52:44+09:00,수익율 인증공간 날자별 최대 3일후까지,7월23일 추천 리스트 3일간 인증,https://mingogogo.tistory.com/238,315,1,2,AI|HUNT,0,,6,+10.01%|+14.24%|100.0%|+14.24%|+12.91%|+11.40%,24
228,2025-11-29T16:12:23+09:00,수익율 인증공간 날자별 최대 3일후까지,7월17일 추천 리스트 3일간 인증,https://mingogogo.tistory.com/228,315,1,1,AI,0,,6,+11.96%|+27.32%|100.0%|+27.32%|+17.66%|+17.51%,24
237,2025-11-30T22:42:12+09:00,수익율 인증공간 날자별 최대 3일후까지,7월22일 추천 리스트 3일간 인증,https://mingogogo.tistory.com/237,332,1,0,,0,,6,+11.13%|+66.77%|100.0%|+66.77%|+12.58%|+7.93%,24
222,2025-11-28T21:35:59+09:00,수익율 인증공간 날자별 최대 3일후까지,7월10일 추천 리스트 3일간 인증,https://mingogogo.tistory.com/222,322,1,0,,0,,6,+36.13%|+49.51%|100.0%|+49.51%|+36.95%|+21.92%,24
231,2025-11-29T16:34:23+09:00,수익율 인증공간 날자별 최대 3일후까지,7월21일 추천 리스트 3일간 인증,https://mingogogo.tistory.com/231,321,1,0,,0,,6,+12.75%|+34.48%|100.0%|+34.48%|+27.95%|+23.74%,24
218,2025-11-28T00:29:45+09:00,수익율 인증공간 날자별 최대 3일후까지,11월25일 오후 6시 신형디커플링 추천리스트 3일 수익율 추적,https://mingogogo.tistory.com/218,319,1,0,,0,,6,+28.93%|+115.55%|100.0%|+115.55%|+51.76%|+41.74%,25
239,2025-11-30T22:54:47+09:00,수익율 인증공간 날자별 최대 3일후까지,7월24일 추천 리스트 3일간 인증,https://mingogogo.tistory.com/239,319,1,0,,0,,6,+7.23%|+12.26%|100.0%|+12.26%|+10.24%|+9.90%,24
214,2025-11-27T23:31:21+09:00,수익율 인증공간 날자별 최대 3일후까지,2025 추천 리스트,https://mingogogo.tistory.com/214,318,1,0,,0,,6,+19.43%|+28.25%|100.0%|+28.25%|+23.56%|+17.55%,22
230,2025-11-29T16:25:00+09:00,수익율 인증공간 날자별 최대 3일후까지,7월19일 추천 리스트 3일간 인증,https://mingogogo.tistory.com/230,316,1,0,,0,,6,+10.78%|+32.37%|100.0%|+32.37%|+24.74%|+10.94%,24
223,2025-11-28T21:45:29+09:00,수익율 인증공간 날자별 최대 3일후까지,7월11일 추천 리스트 3일간 인증,https://mingogogo.tistory.com/223,313,1,0,,0,,6,+15.85%|+70.81%|100.0%|+70.81%|+19.29%|+17.02%,24
224,2025-11-28T21:55:57+09:00,수익율 인증공간 날자별 최대 3일후까지,7월13일 추천 리스트 3일간 인증,https://mingogogo.tistory.com/224,310,1,0,,0,,6,+11.23%|+24.42%|100.0%|+24.42%|+13.87%|+13.19%,24
229,2025-11-29T16:18:49+09:00,수익율 인증공간 날자별 최대 3일후까지,7월18일 추천 리스트 3일간 인증,https://mingogogo.tistory.com/229,310,1,0,,0,,6,+11.86%|+20.96%|100.0%|+20.96%|+15.14%|+13.68%,24
240,2025-11-30T23:00:15+09:00,수익율 인증공간 날자별 최대 3일후까지,7월 26일 추천 리스트 3일간 인증,https://mingogogo.tistory.com/240,305,1,0,,0,,6,+6.17%|+9.87%|100.0%|+9.87%|+9.47%|+9.31%,24
221,2025-11-28T21:15:32+09:00,수익율 인증공간 날자별 최대 3일후까지,7월15일 추천 리스트 3일간 인증,https://mingogogo.tistory.com/221,298,1,0,,0,,6,+9.28%|+37.21%|100.0%|+37.21%|+15.60%|+10.24%,24
134,2025-11-02T23:34:51+09:00,코인분석,"파밍 제작 ( 업비트,빗썸,바이낸스,뉴스 시스템 )",https://mingogogo.tistory.com/134,2292,3,0,,0,,5,20%|30%|50%|50%|2%,38
258,2025-12-09T23:34:56+09:00,코인 프로그램 유료버전,2년치 차트 역사를 실시간으로 해부하는 초정밀 분석 엔진,https://mingogogo.tistory.com/258,2805,3,9,BD|BTC|EB|EC|ED|ETH|OBV|TIME|WAVE,0,,4,90%|94%|8%|0%,40
81,2025-09-17T00:01:33+09:00,코인 프로그램 유료버전,"업비트 단타 트레이더를 위한 강력한 분석 툴, '파밍 분석기",https://mingogogo.tistory.com/81,3433,2,8,BB|BTC|CCI|KRW|MACD|OBV|RSI|TOP,0,,4,30%|40%|30%|100%,45
85,2025-09-23T00:35:25+09:00,카테고리 없음,코인분석기 시각화  업비트 빗썸 바이낸스 제작가능,https://mingogogo.tistory.com/85,2388,5,8,BTC|MASTER|RCI|RSI|SMA|TRADING|UPBIT|ZLSMA,0,,4,+1.5%|-1.5%|+3%|-3%,18
84,2025-09-20T17:20:04+09:00,코인 강의(공부하기),RCI 보조지표 강의,https://mingogogo.tistory.com/84,2540,0,4,BTC|MACD|RCI|RSI,0,,4,12%|20%|-3%|-5%,72
83,2025-09-20T16:57:43+09:00,코인 강의(공부하기),코인강의,https://mingogogo.tistory.com/83,5675,0,2,MACD|RSI,0,,4,"100%|100%|100%|100
%",79
241,2025-12-01T03:52:19+09:00,코인 프로그램 유료버전,코인분석 프로그램,https://mingogogo.tistory.com/241,2284,7,8,ANALYZER|CCI|MACD|PAMING|PC|RCI|RSI|ULTIMATE,0,,3,1%|2%|2%,23
79,2025-09-15T01:23:52+09:00,코인 프로그램 인증,암호화폐(비트코인 알트코인) 분석기 (파동 분석 봇 v11.0): 당신의 24시간 AI 코인 분석가,https://mingogogo.tistory.com/79,3526,4,6,AI|BTC|FOMO|FUD|MACD|RSI,0,,3,100%|70%|100%,24
215,2025-11-27T23:41:35+09:00,수익율 인증공간 날자별 최대 3일후까지,11월 19일 추천 코인 수익율 인증,https://mingogogo.tistory.com/215,1087,1,5,BD|EB|EC|ED|ID,0,,3,94%|8%|0%,23
213,2025-11-27T23:18:13+09:00,인증 저장공간,추천 또는 인증 글,https://mingogogo.tistory.com/213,996,4,5,BD|EB|EC|ED|ID,0,,3,94%|8%|0%,18
161,2025-11-13T06:27:39+09:00,인증 저장공간,코인 추천 했었던 내용 그리고 현제 결과,https://mingogogo.tistory.com/161,1153,8,4,BD|EB|EC|ED,0,,3,94%|8%|0%,16
160,2025-11-13T06:16:01+09:00,인증 저장공간,11월 12일 추천리스트 그리고 결과,https://mingogogo.tistory.com/160,1037,5,4,BD|EB|EC|ED,0,,3,94%|8%|0%,18
60,2025-08-02T04:04:51+09:00,코인 강의(공부하기),업비트 원화 마켓 코인 테마별 정리,https://mingogogo.tistory.com/60,2519,0,88,AAVE|ADA|AGIX|AI|ALGO|AMM|APT|AR|ARB|ATOM|AVAX|AXS|BAND|BCH|BSV|BTC|BUSD|CAKE|CHZ|COMP|CRV|DAI|DASH|DEX|DOGE|DOT|ENA|ENJ|EOS|ETH|FET|FIL|FLOW|HBAR|HYPER|ICON|ICP|ICX|KLAY|KRW|LINK|LRC|LTC|LUNC|MANA|MATIC|MBL|META|MKR|NEAR|NFT|OCEAN|ONT|OP|PENDLE|PLA|QTUM|SAND|SBD|SHIB,0,,2,0.05%|0.25%,12
66,2025-09-04T12:16:54+09:00,카테고리 없음,이더리움 850억 규모 매각 관점 시나리오2가지,https://mingogogo.tistory.com/66,2709,0,4,ETF|ETH|ETHA|NFT,0,,2,5%|70%,30
137,2025-11-04T00:03:05+09:00,코인 프로그램 무료 버전,코인 모의투자 프로그램 레버리지 125배가능  데이터 자동저장,https://mingogogo.tistory.com/137,2602,4,0,,0,,2,0.05%|0.05%,35
248,2025-12-03T00:39:40+09:00,코인 강의(공부하기),BTC마켓  원화마켓 상장 유망코인,https://mingogogo.tistory.com/248,1847,0,22,AI|AMM|APE|BAYC|BTC|CRV|DAI|DAO|ETH|EVM|FLK|FLOCK|FORT|INIT|LPT|SCR|SEI|SPK|TON|TOP|TPS|TVL,0,,1,200%,42
78,2025-09-13T17:25:04+09:00,코인 프로그램 유료버전,업비트 코인 분석기 완벽 사용 설명서 비트코인 알트코인 분석,https://mingogogo.tistory.com/78,5534,5,15,ADX|ATR|BTC|CCI|EMA|ETH|LOW|MA|MACD|MEDIUM|OBV|ROC|RSI|SAR|TOP,0,,1,120%,47
75,2025-09-10T02:14:50+09:00,코인 프로그램 무료 버전,업비트 코인 단타 프로그램 나눔 (비트코인 알트코인분석),https://mingogogo.tistory.com/75,1671,2,12,ABC|AI|API|CCI|CORS|CSS|MACD|OBV|RSI|TOP|UI|UX,0,,1,100%,28
284,2026-01-21T22:12:37+09:00,코인 프로그램 유료버전,코인 투자의 미래를 만나다: MINJINE Premium v8.4 3D 통합 분석 툴 리뷰,https://mingogogo.tistory.com/284,1909,4,8,AI|BTC|CEO|CO|MACD|PAMING|RSI|YA,0,,1,20%,18
118,2025-10-18T04:37:00+09:00,코인 프로그램 유료버전,"폭발 직전 코인만 찾아내는 비장의 무기, '파밍 분석기' 완벽 가이드",https://mingogogo.tistory.com/118,1615,3,6,CCI|MACD|OK|RCI|RSI|TOP,0,,1,50%,20
194,2025-11-25T19:39:04+09:00,코인 프로그램 유료버전,데이터로 바닥 잡는 '퀀텀 알파' 분석기,https://mingogogo.tistory.com/194,1630,4,1,PRO,0,,1,100%,6
61,2025-08-02T07:12:40+09:00,코인추천,AI코인 정리 코인테마 공부하기!,https://mingogogo.tistory.com/61,2893,0,59,AAVE|ADA|AGIX|AI|ANKR|ARB|AVAX|AXS|BAT|BCH|BNB|BONK|BORA|BTC|BTT|CHZ|COMP|DOGE|DOT|ELF|EOS|ETH|FET|FIL|FLOW|GAS|GLM|GRT|IMX|IQ|JUP|KAVA|KLAY|LINK|LTC|MATIC|META|MKR|MLK|NEAR|NEO|NFT|OCEAN|ONDO|PENDLE|PEPE|POLYX|QTUM|RWA|SAND|SC|SHIB|SOL|STORJ|STX|UNI|VET|WEMIX|XRP,0,,0,,5
100,2025-09-24T21:39:35+09:00,눌림코인 저장공간,9월24일 눌림코인 저장공간 (프로그램사용),https://mingogogo.tistory.com/100,405,19,27,AAVE|ANIME|ARB|ARK|AXS|BCH|BEAM|BLUR|CYBER|EDU|ETC|LAG|ME|MOCA|NXPC|OG|OP|POWR|SAND|SC|SOPH|TRX|UNI|USDT|VIRTUAL|WAVES|WCT,0,,0,,7
261,2025-12-11T09:05:00+09:00,코인 프로그램 유료버전,뇌과학으로 설계된 퀀트 알파 분석기 (코인분석 프로그램),https://mingogogo.tistory.com/261,2641,3,9,ADX|ALPHA|ANALYZER|BTC|CCI|MFI|PRO|QUANTUM|RSI,0,,0,,18
80,2025-09-16T23:52:39+09:00,코인 프로그램 유료버전,"PAMING 급등코인분석 시스템, 무엇이 특별한가",https://mingogogo.tistory.com/80,2419,6,9,ATR|BTC|CCI|MACD|MFI|PAMING|RSI|UI|UX,0,,0,,21
68,2025-09-06T15:02:10+09:00,코인 프로그램 유료버전,단타 프로그램 백프로밍(파밍) 제작,https://mingogogo.tistory.com/68,1785,5,9,AI|ALT|AMING|BTC|CCI|ETH|MFI|PAMING|RSI,0,,0,,25
128,2025-10-31T01:50:50+09:00,코인 강의(공부하기)/파밍놀이터,학생(고객) 관리 프로그램  관공서 학원 어린이집 등등,https://mingogogo.tistory.com/128,2725,5,8,FAQ|HTML|OFF|OK|ON|PC|VAT|VIP,0,,0,,40
109,2025-10-06T09:54:55+09:00,코인 프로그램 유료버전,"""FARMING ANALYZER + WAVE""",https://mingogogo.tistory.com/109,2593,4,8,ANALYZER|CCI|FARMING|MACD|RSI|TOP|UI|WAVE,0,,0,,20
288,2026-02-01T09:47:50+09:00,코인 프로그램 유료버전,코인추천 시스템+분석 프로그램2종,https://mingogogo.tistory.com/288,2246,15,8,AI|API|ATR|MEGA|PREMIUM|RSI|ULTRA|UPGRADE,0,,0,,13
293,2026-02-09T20:45:44+09:00,코인 프로그램 인증,텔레그램 급락 경고 시스템 분석 결과,https://mingogogo.tistory.com/293,1530,3,7,ALT|BTC|CRITICAL|HIGH|MODERATE|NONE|SAND,0,,0,,34
103,2025-09-27T01:48:36+09:00,코인 프로그램 유료버전,코인분석 시스템,https://mingogogo.tistory.com/103,2856,7,5,FOMO|FUD|RCI|RSI|ZLSMA,0,,0,,9
269,2025-12-18T11:26:56+09:00,눌림코인 저장공간,밈코인 또눌린다.. 12-18,https://mingogogo.tistory.com/269,1447,4,5,BGA|BTC|ESTATE|NFT|WAX,0,,0,,16
179,2025-11-22T20:25:37+09:00,카테고리 없음,제안서,https://mingogogo.tistory.com/179,1969,0,3,RCI|RSI|ZLSMA,0,,0,,36
97,2025-09-24T21:00:22+09:00,코인 강의(공부하기),암호화폐(코인)기술적분석 가이드,https://mingogogo.tistory.com/97,1624,0,2,CCI|RSI,0,,0,,14
77,2025-09-10T18:31:11+09:00,코인 프로그램 유료버전,코인 분석기 (파밍:서교민)제작,https://mingogogo.tistory.com/77,1615,3,2,BTC|TOP,0,,0,,6
277,2026-01-03T12:01:48+09:00,코인 프로그램 유료버전,"정밀한 타점 분석 솔루션, MINJINE Ultimate v34.1 이용 안내",https://mingogogo.tistory.com/277,1801,4,1,BTC,0,,0,,9
11,2025-05-05T10:03:30+09:00,코인 프로그램 인증,쓰레드 운영하며 느낀 18가지 핵심,https://mingogogo.tistory.com/11,1421,3,1,SNS,0,,0,,25
265,2025-12-11T23:23:28+09:00,수익율 인증공간 날자별 최대 3일후까지,12-11일 테스트 실시간,https://mingogogo.tistory.com/265,485,5,1,BTC,0,,0,,6
264,2025-12-11T23:10:04+09:00,코인 프로그램 인증,단타 분석기 백테스트 결과 약 15분경과,https://mingogogo.tistory.com/264,273,1,1,BTC,0,,0,,5
285,2026-01-22T12:41:46+09:00,코인 프로그램 인증,1월21일 추천리스트 (아야),https://mingogogo.tistory.com/285,210,2,1,BTC,0,,0,,8
268,2025-12-16T12:23:30+09:00,눌림코인 저장공간,12월16일1리스트,https://mingogogo.tistory.com/268,209,5,1,BTC,0,,0,,5
254,2025-12-07T09:59:46+09:00,인증 저장공간,추천리스트 이틀뒤 12/5일,https://mingogogo.tistory.com/254,205,4,1,BTC,0,,0,,6
250,2025-12-05T11:03:05+09:00,눌림코인 저장공간,12월5일 신형 디커플링 오후11시,https://mingogogo.tistory.com/250,199,10,1,BTC,0,,0,,5
286,2026-01-25T16:39:32+09:00,인증 저장공간,1월25일 추천리스트,https://mingogogo.tistory.com/286,193,4,1,BTC,0,,0,,4
287,2026-01-26T10:08:39+09:00,인증 저장공간,1월26일 추천리스트결과 타이코 50프로 급등,https://mingogogo.tistory.com/287,193,10,1,BTC,0,,0,,5
67,2025-09-05T22:17:39+09:00,코인 프로그램 유료버전,파밍 코인분석기 사용법 가이드,https://mingogogo.tistory.com/67,1393,4,0,,0,,0,,16
148,2025-11-09T18:39:24+09:00,코인분석,텔레그램 검색 기능 활용법,https://mingogogo.tistory.com/148,375,2,0,,0,,0,,7
146,2025-11-08T18:46:17+09:00,눌림코인 저장공간,11월8일 업비트 시세 디커플링 오후7시,https://mingogogo.tistory.com/146,191,7,0,,0,,0,,6
149,2025-11-09T18:54:31+09:00,눌림코인 저장공간,11-09 눌림코인 리스트,https://mingogogo.tistory.com/149,184,7,0,,0,,0,,7
110,2025-10-07T08:08:51+09:00,카테고리 없음,오픈톡방 링크,https://mingogogo.tistory.com/110,182,1,0,,0,,0,,1
150,2025-11-09T19:00:18+09:00,눌림코인 저장공간,업비트 디커플링 분석,https://mingogogo.tistory.com/150,178,2,0,,0,,0,,4
147,2025-11-08T18:57:13+09:00,눌림코인 저장공간,11월8일15분봉200개 바닥권,https://mingogogo.tistory.com/147,165,6,0,,0,,0,,5
106,2025-09-29T01:08:06+09:00,눌림코인 저장공간,9월 29일 눌림코인 리스트,https://mingogogo.tistory.com/106,117,4,0,,0,,0,,2
301,2026-04-01T23:59:07+09:00,코인 프로그램 인증,4월1일 추천 리스트 인증,https://mingogogo.tistory.com/301,74,5,0,,0,,0,,5
158,2025-11-12T13:01:04+09:00,눌림코인 저장공간,업비트 디커플링 60분봉200개 분석,https://mingogogo.tistory.com/158,46,5,0,,0,,0,,4
56,2025-07-17T04:32:52+09:00,코인추천,7월17일 코인 추천 리스트,https://mingogogo.tistory.com/56,41,5,0,,0,,0,,3
219,2025-11-28T07:34:00+09:00,눌림코인 저장공간,11월28일 급등예상코인 오전7시,https://mingogogo.tistory.com/219,29,9,0,,0,,0,,5
139,2025-11-04T07:23:48+09:00,코인분석,디커플링 추천리스트,https://mingogogo.tistory.com/139,22,10,0,,0,,0,,1
156,2025-11-11T18:50:15+09:00,카테고리 없음,구형 신형 분석기 비교,https://mingogogo.tistory.com/156,20,8,0,,0,,0,,0
300,2026-03-31T19:34:15+09:00,코인 프로그램 인증,급등예상코인  주천리스트&결과,https://mingogogo.tistory.com/300,19,10,0,,0,,0,,2
227,2025-11-29T16:04:16+09:00,눌림코인 저장공간,4시간봉 200캔들,https://mingogogo.tistory.com/227,17,10,0,,0,,0,,2
304,2026-04-07T17:45:39+09:00,알고리즘 저장공간,4월7일 코인 시그널정리,https://mingogogo.tistory.com/304,17,10,0,,0,,0,,2
166,2025-11-15T12:53:44+09:00,눌림코인 저장공간,코인 디커플링리스트,https://mingogogo.tistory.com/166,15,10,0,,0,,0,,4
111,2025-10-07T08:12:14+09:00,카테고리 없음,10월7일 코인 추천리스트,https://mingogogo.tistory.com/111,14,10,0,,0,,0,,2
283,2026-01-21T14:09:15+09:00,코인 프로그램 인증,분석프로그램 AI추천 인증,https://mingogogo.tistory.com/283,13,7,0,,0,,0,,0
259,2025-12-10T11:59:01+09:00,눌림코인 저장공간,12월10일,https://mingogogo.tistory.com/259,11,6,0,,0,,0,,2
295,2026-02-15T02:13:57+09:00,눌림코인 저장공간,밈코인 매집시그널,https://mingogogo.tistory.com/295,7,6,0,,0,,0,,0
279,2026-01-06T17:44:41+09:00,카테고리 없음,그로스톨코인,https://mingogogo.tistory.com/279,6,4,0,,0,,0,,1
309,2026-04-15T10:07:19+09:00,인증 저장공간,급등예상코인 적중결과,https://mingogogo.tistory.com/309,5,2,0,,0,,0,,0
133,2025-11-02T18:44:09+09:00,코인분석,11-2일 오후 6시42분 디커플링 리스트,https://mingogogo.tistory.com/133,0,4,0,,0,,0,,4
167,2025-11-16T08:54:00+09:00,눌림코인 저장공간,바닥권 리스트15분봉,https://mingogogo.tistory.com/167,0,10,0,,0,,0,,1
184,2025-11-24T07:31:31+09:00,눌림코인 저장공간,11월 24일급등예상코인 리스트,https://mingogogo.tistory.com/184,0,10,0,,0,,0,,2
189,2025-11-25T12:52:29+09:00,눌림코인 저장공간,25일 급등예상코인 리스트,https://mingogogo.tistory.com/189,0,10,0,,0,,0,,1
201,2025-11-26T09:58:34+09:00,눌림코인 저장공간,11월 26일 신형 디커플링 리스트,https://mingogogo.tistory.com/201,0,10,0,,0,,0,,2
202,2025-11-26T09:59:59+09:00,눌림코인 저장공간,11월26일 바닥권 프로그램 리스트,https://mingogogo.tistory.com/202,0,10,0,,0,,0,,2
234,2025-11-30T13:35:06+09:00,눌림코인 저장공간,과매도 리스트11월30 일 오후1시30분,https://mingogogo.tistory.com/234,0,10,0,,0,,0,,4
257,2025-12-08T10:44:19+09:00,눌림코인 저장공간,12월8일 추천리스트,https://mingogogo.tistory.com/257,0,1,0,,0,,0,,2
